Key,Year,State,Births
1969-AK,1969,AK,6824
1970-AK,1970,AK,7464
1971-AK,1971,AK,7244
1972-AK,1972,AK,6892
1973-AK,1973,AK,6566
1974-AK,1974,AK,7014
1975-AK,1975,AK,7392
1976-AK,1976,AK,7816
1977-AK,1977,AK,8286
1978-AK,1978,AK,8752
1979-AK,1979,AK,9005
1980-AK,1980,AK,9462
1981-AK,1981,AK,9985
1982-AK,1982,AK,11146
1983-AK,1983,AK,11868
1984-AK,1984,AK,12324
1985-AK,1985,AK,12693
1986-AK,1986,AK,12007
1987-AK,1987,AK,11540
1988-AK,1988,AK,11105
1969-AL,1969,AL,64068
1970-AL,1970,AL,66878
1971-AL,1971,AL,66188
1972-AL,1972,AL,61206
1973-AL,1973,AL,58944
1974-AL,1974,AL,58920
1975-AL,1975,AL,57498
1976-AL,1976,AL,57282
1977-AL,1977,AL,61076
1978-AL,1978,AL,59185
1979-AL,1979,AL,61688
1980-AL,1980,AL,62370
1981-AL,1981,AL,60592
1982-AL,1982,AL,59229
1983-AL,1983,AL,58105
1984-AL,1984,AL,58169
1985-AL,1985,AL,58622
1986-AL,1986,AL,58204
1987-AL,1987,AL,58631
1988-AL,1988,AL,59917
1969-AR,1969,AR,33400
1970-AR,1970,AR,34746
1971-AR,1971,AR,35040
1972-AR,1972,AR,33040
1973-AR,1973,AR,32764
1974-AR,1974,AR,33856
1975-AR,1975,AR,33628
1976-AR,1976,AR,33292
1977-AR,1977,AR,34702
1978-AR,1978,AR,33822
1979-AR,1979,AR,35406
1980-AR,1980,AR,36338
1981-AR,1981,AR,34716
1982-AR,1982,AR,34325
1983-AR,1983,AR,34261
1984-AR,1984,AR,34331
1985-AR,1985,AR,34514
1986-AR,1986,AR,33877
1987-AR,1987,AR,34023
1988-AR,1988,AR,34139
1969-AZ,1969,AZ,34064
1970-AZ,1970,AZ,37362
1971-AZ,1971,AZ,38296
1972-AZ,1972,AZ,37278
1973-AZ,1973,AZ,37852
1974-AZ,1974,AZ,39846
1975-AZ,1975,AZ,39416
1976-AZ,1976,AZ,40038
1977-AZ,1977,AZ,41816
1978-AZ,1978,AZ,43012
1979-AZ,1979,AZ,46714
1980-AZ,1980,AZ,50078
1981-AZ,1981,AZ,51624
1982-AZ,1982,AZ,52394
1983-AZ,1983,AZ,53464
1984-AZ,1984,AZ,54862
1985-AZ,1985,AZ,59319
1986-AZ,1986,AZ,60800
1987-AZ,1987,AZ,63344
1988-AZ,1988,AZ,65655
1969-CA,1969,CA,352858
1970-CA,1970,CA,362682
1971-CA,1971,CA,329816
1972-CA,1972,CA,306538
1973-CA,1973,CA,298062
1974-CA,1974,CA,312018
1975-CA,1975,CA,317598
1976-CA,1976,CA,332220
1977-CA,1977,CA,347428
1978-CA,1978,CA,356180
1979-CA,1979,CA,379212
1980-CA,1980,CA,403014
1981-CA,1981,CA,420892
1982-CA,1982,CA,429864
1983-CA,1983,CA,436060
1984-CA,1984,CA,447574
1985-CA,1985,CA,471155
1986-CA,1986,CA,482530
1987-CA,1987,CA,503655
1988-CA,1988,CA,533429
1969-CO,1969,CO,40100
1970-CO,1970,CO,42544
1971-CO,1971,CO,41148
1972-CO,1972,CO,39480
1973-CO,1973,CO,39460
1974-CO,1974,CO,39815
1975-CO,1975,CO,40623
1976-CO,1976,CO,41345
1977-CO,1977,CO,43544
1978-CO,1978,CO,44511
1979-CO,1979,CO,47741
1980-CO,1980,CO,50167
1981-CO,1981,CO,52504
1982-CO,1982,CO,55202
1983-CO,1983,CO,55015
1984-CO,1984,CO,54569
1985-CO,1985,CO,55440
1986-CO,1986,CO,55556
1987-CO,1987,CO,54096
1988-CO,1988,CO,53518
1969-CT,1969,CT,49184
1970-CT,1970,CT,49852
1971-CT,1971,CT,44856
1972-CT,1972,CT,39142
1973-CT,1973,CT,37014
1974-CT,1974,CT,36360
1975-CT,1975,CT,35626
1976-CT,1976,CT,35398
1977-CT,1977,CT,36302
1978-CT,1978,CT,36996
1979-CT,1979,CT,38445
1980-CT,1980,CT,38523
1981-CT,1981,CT,39761
1982-CT,1982,CT,40141
1983-CT,1983,CT,40954
1984-CT,1984,CT,42064
1985-CT,1985,CT,43815
1986-CT,1986,CT,44767
1987-CT,1987,CT,46986
1988-CT,1988,CT,48152
1969-DC,1969,DC,27780
1970-DC,1970,DC,28202
1971-DC,1971,DC,25926
1972-DC,1972,DC,22602
1973-DC,1973,DC,20652
1974-DC,1974,DC,19850
1975-DC,1975,DC,19772
1976-DC,1976,DC,19904
1977-DC,1977,DC,20666
1978-DC,1978,DC,19660
1979-DC,1979,DC,20232
1980-DC,1980,DC,20262
1981-DC,1981,DC,19726
1982-DC,1982,DC,19824
1983-DC,1983,DC,19050
1984-DC,1984,DC,19616
1985-DC,1985,DC,19938
1986-DC,1986,DC,19927
1987-DC,1987,DC,20529
1988-DC,1988,DC,21351
1969-DE,1969,DE,10116
1970-DE,1970,DE,10476
1971-DE,1971,DE,9896
1972-DE,1972,DE,8878
1973-DE,1973,DE,8282
1974-DE,1974,DE,8438
1975-DE,1975,DE,8412
1976-DE,1976,DE,8300
1977-DE,1977,DE,8794
1978-DE,1978,DE,8958
1979-DE,1979,DE,9184
1980-DE,1980,DE,9574
1981-DE,1981,DE,9442
1982-DE,1982,DE,9526
1983-DE,1983,DE,9542
1984-DE,1984,DE,9550
1985-DE,1985,DE,9882
1986-DE,1986,DE,10098
1987-DE,1987,DE,10398
1988-DE,1988,DE,10959
1969-FL,1969,FL,106926
1970-FL,1970,FL,114484
1971-FL,1971,FL,115744
1972-FL,1972,FL,109186
1973-FL,1973,FL,107174
1974-FL,1974,FL,109780
1975-FL,1975,FL,105116
1976-FL,1976,FL,104005
1977-FL,1977,FL,110395
1978-FL,1978,FL,112933
1979-FL,1979,FL,120774
1980-FL,1980,FL,131470
1981-FL,1981,FL,138121
1982-FL,1982,FL,144182
1983-FL,1983,FL,148677
1984-FL,1984,FL,155199
1985-FL,1985,FL,163611
1986-FL,1986,FL,167518
1987-FL,1987,FL,175038
1988-FL,1988,FL,183968
1969-GA,1969,GA,91622
1970-GA,1970,GA,96918
1971-GA,1971,GA,95050
1972-GA,1972,GA,88472
1973-GA,1973,GA,86464
1974-GA,1974,GA,84676
1975-GA,1975,GA,81444
1976-GA,1976,GA,80864
1977-GA,1977,GA,86306
1978-GA,1978,GA,85996
1979-GA,1979,GA,89582
1980-GA,1980,GA,93976
1981-GA,1981,GA,91738
1982-GA,1982,GA,91984
1983-GA,1983,GA,91682
1984-GA,1984,GA,93768
1985-GA,1985,GA,98033
1986-GA,1986,GA,100151
1987-GA,1987,GA,103881
1988-GA,1988,GA,107023
1969-HI,1969,HI,15750
1970-HI,1970,HI,16488
1971-HI,1971,HI,15836
1972-HI,1972,HI,15410
1973-HI,1973,HI,15356
1974-HI,1974,HI,15512
1975-HI,1975,HI,15758
1976-HI,1976,HI,16402
1977-HI,1977,HI,16976
1978-HI,1978,HI,16752
1979-HI,1979,HI,17568
1980-HI,1980,HI,18217
1981-HI,1981,HI,18230
1982-HI,1982,HI,18734
1983-HI,1983,HI,19164
1984-HI,1984,HI,18756
1985-HI,1985,HI,18329
1986-HI,1986,HI,18341
1987-HI,1987,HI,18689
1988-HI,1988,HI,19051
1969-IA,1969,IA,47896
1970-IA,1970,IA,49096
1971-IA,1971,IA,45724
1972-IA,1972,IA,41294
1973-IA,1973,IA,39250
1974-IA,1974,IA,40562
1975-IA,1975,IA,41771
1976-IA,1976,IA,42131
1977-IA,1977,IA,45351
1978-IA,1978,IA,44979
1979-IA,1979,IA,47321
1980-IA,1980,IA,48378
1981-IA,1981,IA,46607
1982-IA,1982,IA,45427
1983-IA,1983,IA,43838
1984-IA,1984,IA,42921
1985-IA,1985,IA,41743
1986-IA,1986,IA,39203
1987-IA,1987,IA,38356
1988-IA,1988,IA,38361
1969-ID,1969,ID,13072
1970-ID,1970,ID,14078
1971-ID,1971,ID,13924
1972-ID,1972,ID,13704
1973-ID,1973,ID,14102
1974-ID,1974,ID,15160
1975-ID,1975,ID,15860
1976-ID,1976,ID,16884
1977-ID,1977,ID,18292
1978-ID,1978,ID,18878
1979-ID,1979,ID,19533
1980-ID,1980,ID,19657
1981-ID,1981,ID,19229
1982-ID,1982,ID,19287
1983-ID,1983,ID,18480
1984-ID,1984,ID,17804
1985-ID,1985,ID,17326
1986-ID,1986,ID,16344
1987-ID,1987,ID,15736
1988-ID,1988,ID,15563
1969-IL,1969,IL,193136
1970-IL,1970,IL,202388
1971-IL,1971,IL,192694
1972-IL,1972,IL,175588
1973-IL,1973,IL,166700
1974-IL,1974,IL,166532
1975-IL,1975,IL,166882
1976-IL,1976,IL,167679
1977-IL,1977,IL,174441
1978-IL,1978,IL,171710
1979-IL,1979,IL,181153
1980-IL,1980,IL,186773
1981-IL,1981,IL,181856
1982-IL,1982,IL,180227
1983-IL,1983,IL,175648
1984-IL,1984,IL,176088
1985-IL,1985,IL,177447
1986-IL,1986,IL,173430
1987-IL,1987,IL,177473
1988-IL,1988,IL,181679
1969-IN,1969,IN,94562
1970-IN,1970,IN,100006
1971-IN,1971,IN,96142
1972-IN,1972,IN,87600
1973-IN,1973,IN,84096
1974-IN,1974,IN,83428
1975-IN,1975,IN,82484
1976-IN,1976,IN,80610
1977-IN,1977,IN,85314
1978-IN,1978,IN,83513
1979-IN,1979,IN,87380
1980-IN,1980,IN,88560
1981-IN,1981,IN,84511
1982-IN,1982,IN,84014
1983-IN,1983,IN,80812
1984-IN,1984,IN,80095
1985-IN,1985,IN,80957
1986-IN,1986,IN,79286
1987-IN,1987,IN,78509
1988-IN,1988,IN,81635
1969-KS,1969,KS,35456
1970-KS,1970,KS,36264
1971-KS,1971,KS,34252
1972-KS,1972,KS,31500
1973-KS,1973,KS,30662
1974-KS,1974,KS,31295
1975-KS,1975,KS,32363
1976-KS,1976,KS,33538
1977-KS,1977,KS,34932
1978-KS,1978,KS,34795
1979-KS,1979,KS,37419
1980-KS,1980,KS,39468
1981-KS,1981,KS,40135
1982-KS,1982,KS,39910
1983-KS,1983,KS,39409
1984-KS,1984,KS,38935
1985-KS,1985,KS,38500
1986-KS,1986,KS,38083
1987-KS,1987,KS,37321
1988-KS,1988,KS,37574
1969-KY,1969,KY,58276
1970-KY,1970,KY,61164
1971-KY,1971,KY,61632
1972-KY,1972,KY,56372
1973-KY,1973,KY,54966
1974-KY,1974,KY,54326
1975-KY,1975,KY,55980
1976-KY,1976,KY,56964
1977-KY,1977,KY,59923
1978-KY,1978,KY,58295
1979-KY,1979,KY,60030
1980-KY,1980,KY,60312
1981-KY,1981,KY,57988
1982-KY,1982,KY,57147
1983-KY,1983,KY,53854
1984-KY,1984,KY,52119
1985-KY,1985,KY,51856
1986-KY,1986,KY,50790
1987-KY,1987,KY,50605
1988-KY,1988,KY,50381
1969-LA,1969,LA,75092
1970-LA,1970,LA,74920
1971-LA,1971,LA,73398
1972-LA,1972,LA,68714
1973-LA,1973,LA,66766
1974-LA,1974,LA,65982
1975-LA,1975,LA,68136
1976-LA,1976,LA,70002
1977-LA,1977,LA,75571
1978-LA,1978,LA,75029
1979-LA,1979,LA,79365
1980-LA,1980,LA,82208
1981-LA,1981,LA,82206
1982-LA,1982,LA,84637
1983-LA,1983,LA,82453
1984-LA,1984,LA,81496
1985-LA,1985,LA,81649
1986-LA,1986,LA,78093
1987-LA,1987,LA,74312
1988-LA,1988,LA,74236
1969-MA,1969,MA,94852
1970-MA,1970,MA,96312
1971-MA,1971,MA,89452
1972-MA,1972,MA,79160
1973-MA,1973,MA,74140
1974-MA,1974,MA,71882
1975-MA,1975,MA,69744
1976-MA,1976,MA,67656
1977-MA,1977,MA,69559
1978-MA,1978,MA,70311
1979-MA,1979,MA,72283
1980-MA,1980,MA,74254
1981-MA,1981,MA,75545
1982-MA,1982,MA,77451
1983-MA,1983,MA,77750
1984-MA,1984,MA,79750
1985-MA,1985,MA,83307
1986-MA,1986,MA,83801
1987-MA,1987,MA,86220
1988-MA,1988,MA,89958
1969-MD,1969,MD,60326
1970-MD,1970,MD,60558
1971-MD,1971,MD,57492
1972-MD,1972,MD,51038
1973-MD,1973,MD,47332
1974-MD,1974,MD,46710
1975-MD,1975,MD,45807
1976-MD,1976,MD,45514
1977-MD,1977,MD,48341
1978-MD,1978,MD,48227
1979-MD,1979,MD,50980
1980-MD,1980,MD,52570
1981-MD,1981,MD,54327
1982-MD,1982,MD,57184
1983-MD,1983,MD,57930
1984-MD,1984,MD,59302
1985-MD,1985,MD,61530
1986-MD,1986,MD,62859
1987-MD,1987,MD,65346
1988-MD,1988,MD,68083
1969-ME,1969,ME,17296
1970-ME,1970,ME,17690
1971-ME,1971,ME,17742
1972-ME,1972,ME,16229
1973-ME,1973,ME,15604
1974-ME,1974,ME,14753
1975-ME,1975,ME,14771
1976-ME,1976,ME,14519
1977-ME,1977,ME,15590
1978-ME,1978,ME,15297
1979-ME,1979,ME,15810
1980-ME,1980,ME,15875
1981-ME,1981,ME,15875
1982-ME,1982,ME,16055
1983-ME,1983,ME,16044
1984-ME,1984,ME,16134
1985-ME,1985,ME,16244
1986-ME,1986,ME,16026
1987-ME,1987,ME,16111
1988-ME,1988,ME,16520
1969-MI,1969,MI,163940
1970-MI,1970,MI,170754
1971-MI,1971,MI,161144
1972-MI,1972,MI,146026
1973-MI,1973,MI,140370
1974-MI,1974,MI,136421
1975-MI,1975,MI,132783
1976-MI,1976,MI,130259
1977-MI,1977,MI,137143
1978-MI,1978,MI,137900
1979-MI,1979,MI,143237
1980-MI,1980,MI,144077
1981-MI,1981,MI,139412
1982-MI,1982,MI,137128
1983-MI,1983,MI,131836
1984-MI,1984,MI,134871
1985-MI,1985,MI,136757
1986-MI,1986,MI,136193
1987-MI,1987,MI,138917
1988-MI,1988,MI,137965
1969-MN,1969,MN,65958
1970-MN,1970,MN,68196
1971-MN,1971,MN,62584
1972-MN,1972,MN,56516
1973-MN,1973,MN,53872
1974-MN,1974,MN,55844
1975-MN,1975,MN,56764
1976-MN,1976,MN,56939
1977-MN,1977,MN,60654
1978-MN,1978,MN,62387
1979-MN,1979,MN,65744
1980-MN,1980,MN,68289
1981-MN,1981,MN,68974
1982-MN,1982,MN,68995
1983-MN,1983,MN,65976
1984-MN,1984,MN,67040
1985-MN,1985,MN,67523
1986-MN,1986,MN,65790
1987-MN,1987,MN,64984
1988-MN,1988,MN,66409
1969-MO,1969,MO,81266
1970-MO,1970,MO,83730
1971-MO,1971,MO,81364
1972-MO,1972,MO,75135
1973-MO,1973,MO,70839
1974-MO,1974,MO,71915
1975-MO,1975,MO,70787
1976-MO,1976,MO,71319
1977-MO,1977,MO,75688
1978-MO,1978,MO,75283
1979-MO,1979,MO,78562
1980-MO,1980,MO,80770
1981-MO,1981,MO,78538
1982-MO,1982,MO,78334
1983-MO,1983,MO,77061
1984-MO,1984,MO,76293
1985-MO,1985,MO,78760
1986-MO,1986,MO,77105
1987-MO,1987,MO,76909
1988-MO,1988,MO,78331
1969-MS,1969,MS,47102
1970-MS,1970,MS,48034
1971-MS,1971,MS,48334
1972-MS,1972,MS,45560
1973-MS,1973,MS,44128
1974-MS,1974,MS,43562
1975-MS,1975,MS,43400
1976-MS,1976,MS,42676
1977-MS,1977,MS,45292
1978-MS,1978,MS,44148
1979-MS,1979,MS,45628
1980-MS,1980,MS,47399
1981-MS,1981,MS,45782
1982-MS,1982,MS,45537
1983-MS,1983,MS,43689
1984-MS,1984,MS,43358
1985-MS,1985,MS,42719
1986-MS,1986,MS,41242
1987-MS,1987,MS,40374
1988-MS,1988,MS,41269
1969-MT,1969,MT,11620
1970-MT,1970,MT,12444
1971-MT,1971,MT,12234
1972-MT,1972,MT,11314
1973-MT,1973,MT,11232
1974-MT,1974,MT,12084
1975-MT,1975,MT,11815
1976-MT,1976,MT,12360
1977-MT,1977,MT,13055
1978-MT,1978,MT,13243
1979-MT,1979,MT,13804
1980-MT,1980,MT,13874
1981-MT,1981,MT,13999
1982-MT,1982,MT,14236
1983-MT,1983,MT,13739
1984-MT,1984,MT,13866
1985-MT,1985,MT,13217
1986-MT,1986,MT,12431
1987-MT,1987,MT,11924
1988-MT,1988,MT,11393
1969-NC,1969,NC,93956
1970-NC,1970,NC,98404
1971-NC,1971,NC,95752
1972-NC,1972,NC,89340
1973-NC,1973,NC,85828
1974-NC,1974,NC,84288
1975-NC,1975,NC,80806
1976-NC,1976,NC,80583
1977-NC,1977,NC,84872
1978-NC,1978,NC,82801
1979-NC,1979,NC,84249
1980-NC,1980,NC,85102
1981-NC,1981,NC,84463
1982-NC,1982,NC,86603
1983-NC,1983,NC,84566
1984-NC,1984,NC,86625
1985-NC,1985,NC,89980
1986-NC,1986,NC,90649
1987-NC,1987,NC,93868
1988-NC,1988,NC,97868
1969-ND,1969,ND,11276
1970-ND,1970,ND,11558
1971-ND,1971,ND,10900
1972-ND,1972,ND,10578
1973-ND,1973,ND,10388
1974-ND,1974,ND,10712
1975-ND,1975,ND,11272
1976-ND,1976,ND,11394
1977-ND,1977,ND,12232
1978-ND,1978,ND,12126
1979-ND,1979,ND,12752
1980-ND,1980,ND,12960
1981-ND,1981,ND,13388
1982-ND,1982,ND,13622
1983-ND,1983,ND,13197
1984-ND,1984,ND,12729
1985-ND,1985,ND,12734
1986-ND,1986,ND,11892
1987-ND,1987,ND,11545
1988-ND,1988,ND,11441
1969-NE,1969,NE,24806
1970-NE,1970,NE,25948
1971-NE,1971,NE,25670
1972-NE,1972,NE,23686
1973-NE,1973,NE,22994
1974-NE,1974,NE,23962
1975-NE,1975,NE,23908
1976-NE,1976,NE,24019
1977-NE,1977,NE,25558
1978-NE,1978,NE,25424
1979-NE,1979,NE,26566
1980-NE,1980,NE,27672
1981-NE,1981,NE,27514
1982-NE,1982,NE,27243
1983-NE,1983,NE,26599
1984-NE,1984,NE,26449
1985-NE,1985,NE,25884
1986-NE,1986,NE,24752
1987-NE,1987,NE,24106
1988-NE,1988,NE,24266
1969-NH,1969,NH,12288
1970-NH,1970,NH,12870
1971-NH,1971,NH,12578
1972-NH,1972,NH,11387
1973-NH,1973,NH,10959
1974-NH,1974,NH,11428
1975-NH,1975,NH,11073
1976-NH,1976,NH,11087
1977-NH,1977,NH,12130
1978-NH,1978,NH,12357
1979-NH,1979,NH,12819
1980-NH,1980,NH,13718
1981-NH,1981,NH,13714
1982-NH,1982,NH,14147
1983-NH,1983,NH,13680
1984-NH,1984,NH,14075
1985-NH,1985,NH,15308
1986-NH,1986,NH,15628
1987-NH,1987,NH,16685
1988-NH,1988,NH,17053
1969-NJ,1969,NJ,113754
1970-NJ,1970,NJ,116838
1971-NJ,1971,NJ,109546
1972-NJ,1972,NJ,97760
1973-NJ,1973,NJ,92774
1974-NJ,1974,NJ,91862
1975-NJ,1975,NJ,89014
1976-NJ,1976,NJ,87764
1977-NJ,1977,NJ,91196
1978-NJ,1978,NJ,90676
1979-NJ,1979,NJ,93370
1980-NJ,1980,NJ,93724
1981-NJ,1981,NJ,93428
1982-NJ,1982,NJ,95575
1983-NJ,1983,NJ,96130
1984-NJ,1984,NJ,98214
1985-NJ,1985,NJ,102426
1986-NJ,1986,NJ,105916
1987-NJ,1987,NJ,110338
1988-NJ,1988,NJ,114585
1969-NM,1969,NM,21316
1970-NM,1970,NM,21820
1971-NM,1971,NM,22120
1972-NM,1972,NM,20650
1973-NM,1973,NM,20470
1974-NM,1974,NM,21112
1975-NM,1975,NM,20840
1976-NM,1976,NM,21646
1977-NM,1977,NM,22600
1978-NM,1978,NM,23264
1979-NM,1979,NM,24768
1980-NM,1980,NM,25476
1981-NM,1981,NM,26084
1982-NM,1982,NM,27203
1983-NM,1983,NM,27121
1984-NM,1984,NM,27084
1985-NM,1985,NM,27296
1986-NM,1986,NM,27061
1987-NM,1987,NM,26932
1988-NM,1988,NM,26686
1969-NV,1969,NV,8902
1970-NV,1970,NV,9390
1971-NV,1971,NV,9598
1972-NV,1972,NV,8868
1973-NV,1973,NV,8500
1974-NV,1974,NV,8782
1975-NV,1975,NV,8844
1976-NV,1976,NV,9530
1977-NV,1977,NV,10091
1978-NV,1978,NV,10811
1979-NV,1979,NV,12293
1980-NV,1980,NV,13191
1981-NV,1981,NV,13881
1982-NV,1982,NV,14400
1983-NV,1983,NV,14166
1984-NV,1984,NV,14769
1985-NV,1985,NV,15216
1986-NV,1986,NV,15787
1987-NV,1987,NV,16557
1988-NV,1988,NV,17894
1969-NY,1969,NY,311984
1970-NY,1970,NY,318968
1971-NY,1971,NY,285780
1972-NY,1972,NY,254946
1973-NY,1973,NY,240315
1974-NY,1974,NY,241011
1975-NY,1975,NY,237683
1976-NY,1976,NY,237034
1977-NY,1977,NY,241450
1978-NY,1978,NY,235024
1979-NY,1979,NY,236975
1980-NY,1980,NY,239993
1981-NY,1981,NY,243252
1982-NY,1982,NY,248145
1983-NY,1983,NY,249381
1984-NY,1984,NY,251862
1985-NY,1985,NY,260287
1986-NY,1986,NY,264805
1987-NY,1987,NY,272835
1988-NY,1988,NY,281569
1969-OH,1969,OH,189544
1970-OH,1970,OH,199682
1971-OH,1971,OH,190100
1972-OH,1972,OH,169284
1973-OH,1973,OH,160714
1974-OH,1974,OH,160846
1975-OH,1975,OH,158936
1976-OH,1976,OH,155524
1977-OH,1977,OH,161924
1978-OH,1978,OH,161049
1979-OH,1979,OH,167117
1980-OH,1980,OH,169581
1981-OH,1981,OH,167584
1982-OH,1982,OH,165261
1983-OH,1983,OH,159298
1984-OH,1984,OH,159202
1985-OH,1985,OH,161232
1986-OH,1986,OH,158931
1987-OH,1987,OH,158870
1988-OH,1988,OH,161647
1969-OK,1969,OK,41756
1970-OK,1970,OK,43682
1971-OK,1971,OK,44102
1972-OK,1972,OK,41094
1973-OK,1973,OK,39488
1974-OK,1974,OK,40952
1975-OK,1975,OK,41315
1976-OK,1976,OK,42264
1977-OK,1977,OK,43905
1978-OK,1978,OK,44266
1979-OK,1979,OK,47389
1980-OK,1980,OK,50472
1981-OK,1981,OK,52091
1982-OK,1982,OK,57230
1983-OK,1983,OK,55427
1984-OK,1984,OK,53081
1985-OK,1985,OK,51874
1986-OK,1986,OK,49374
1987-OK,1987,OK,46778
1988-OK,1988,OK,46401
1969-OR,1969,OR,34486
1970-OR,1970,OR,36006
1971-OR,1971,OR,34174
1972-OR,1972,OR,32132
1973-OR,1973,OR,31724
1974-OR,1974,OR,33438
1975-OR,1975,OR,34312
1976-OR,1976,OR,35613
1977-OR,1977,OR,38448
1978-OR,1978,OR,40015
1979-OR,1979,OR,42870
1980-OR,1980,OR,44221
1981-OR,1981,OR,44150
1982-OR,1982,OR,42093
1983-OR,1983,OR,41047
1984-OR,1984,OR,40842
1985-OR,1985,OR,40778
1986-OR,1986,OR,40093
1987-OR,1987,OR,39996
1988-OR,1988,OR,41345
1969-PA,1969,PA,186692
1970-PA,1970,PA,193412
1971-PA,1971,PA,182012
1972-PA,1972,PA,164094
1973-PA,1973,PA,154398
1974-PA,1974,PA,152534
1975-PA,1975,PA,149900
1976-PA,1976,PA,149296
1977-PA,1977,PA,154714
1978-PA,1978,PA,153304
1979-PA,1979,PA,159073
1980-PA,1980,PA,160244
1981-PA,1981,PA,161800
1982-PA,1982,PA,163198
1983-PA,1983,PA,159416
1984-PA,1984,PA,158548
1985-PA,1985,PA,161951
1986-PA,1986,PA,162059
1987-PA,1987,PA,163696
1988-PA,1988,PA,166771
1969-RI,1969,RI,15854
1970-RI,1970,RI,16176
1971-RI,1971,RI,15168
1972-RI,1972,RI,13495
1973-RI,1973,RI,12647
1974-RI,1974,RI,11696
1975-RI,1975,RI,10957
1976-RI,1976,RI,11102
1977-RI,1977,RI,11937
1978-RI,1978,RI,11785
1979-RI,1979,RI,12251
1980-RI,1980,RI,12574
1981-RI,1981,RI,12866
1982-RI,1982,RI,13032
1983-RI,1983,RI,13092
1984-RI,1984,RI,13290
1985-RI,1985,RI,13674
1986-RI,1986,RI,14084
1987-RI,1987,RI,14669
1988-RI,1988,RI,14689
1969-SC,1969,SC,49182
1970-SC,1970,SC,50856
1971-SC,1971,SC,51680
1972-SC,1972,SC,48598
1973-SC,1973,SC,47636
1974-SC,1974,SC,47005
1975-SC,1975,SC,45147
1976-SC,1976,SC,46082
1977-SC,1977,SC,47974
1978-SC,1978,SC,47654
1979-SC,1979,SC,48631
1980-SC,1980,SC,49810
1981-SC,1981,SC,49473
1982-SC,1982,SC,49287
1983-SC,1983,SC,48484
1984-SC,1984,SC,48296
1985-SC,1985,SC,49510
1986-SC,1986,SC,49557
1987-SC,1987,SC,50662
1988-SC,1988,SC,53003
1969-SD,1969,SD,11276
1970-SD,1970,SD,11592
1971-SD,1971,SD,11408
1972-SD,1972,SD,10672
1973-SD,1973,SD,10510
1974-SD,1974,SD,10962
1975-SD,1975,SD,11128
1976-SD,1976,SD,11488
1977-SD,1977,SD,11860
1978-SD,1978,SD,12104
1979-SD,1979,SD,12858
1980-SD,1980,SD,13158
1981-SD,1981,SD,12674
1982-SD,1982,SD,12722
1983-SD,1983,SD,12515
1984-SD,1984,SD,12328
1985-SD,1985,SD,12056
1986-SD,1986,SD,11633
1987-SD,1987,SD,11537
1988-SD,1988,SD,11253
1969-TN,1969,TN,73248
1970-TN,1970,TN,75740
1971-TN,1971,TN,74998
1972-TN,1972,TN,69492
1973-TN,1973,TN,67802
1974-TN,1974,TN,67986
1975-TN,1975,TN,65752
1976-TN,1976,TN,65653
1977-TN,1977,TN,70019
1978-TN,1978,TN,70248
1979-TN,1979,TN,72148
1980-TN,1980,TN,72909
1981-TN,1981,TN,70753
1982-TN,1982,TN,71089
1983-TN,1983,TN,70159
1984-TN,1984,TN,69713
1985-TN,1985,TN,71506
1986-TN,1986,TN,70784
1987-TN,1987,TN,72675
1988-TN,1988,TN,75595
1969-TX,1969,TX,226868
1970-TX,1970,TX,237114
1971-TX,1971,TX,236178
1972-TX,1972,TX,222006
1973-TX,1973,TX,218726
1974-TX,1974,TX,221256
1975-TX,1975,TX,224754
1976-TX,1976,TX,227409
1977-TX,1977,TX,234985
1978-TX,1978,TX,242548
1979-TX,1979,TX,260561
1980-TX,1980,TX,279785
1981-TX,1981,TX,288362
1982-TX,1982,TX,303016
1983-TX,1983,TX,299649
1984-TX,1984,TX,303569
1985-TX,1985,TX,312598
1986-TX,1986,TX,311006
1987-TX,1987,TX,305520
1988-TX,1988,TX,307563
1969-UT,1969,UT,24810
1970-UT,1970,UT,27564
1971-UT,1971,UT,28192
1972-UT,1972,UT,27548
1973-UT,1973,UT,28656
1974-UT,1974,UT,30648
1975-UT,1975,UT,32406
1976-UT,1976,UT,36220
1977-UT,1977,UT,38814
1978-UT,1978,UT,39758
1979-UT,1979,UT,42095
1980-UT,1980,UT,42801
1981-UT,1981,UT,42384
1982-UT,1982,UT,42761
1983-UT,1983,UT,40612
1984-UT,1984,UT,39390
1985-UT,1985,UT,38443
1986-UT,1986,UT,37371
1987-UT,1987,UT,36265
1988-UT,1988,UT,37021
1969-VA,1969,VA,78364
1970-VA,1970,VA,81310
1971-VA,1971,VA,78564
1972-VA,1972,VA,71548
1973-VA,1973,VA,68470
1974-VA,1974,VA,67970
1975-VA,1975,VA,67378
1976-VA,1976,VA,67246
1977-VA,1977,VA,71526
1978-VA,1978,VA,70651
1979-VA,1979,VA,73949
1980-VA,1980,VA,75330
1981-VA,1981,VA,76231
1982-VA,1982,VA,77830
1983-VA,1983,VA,77512
1984-VA,1984,VA,79365
1985-VA,1985,VA,82952
1986-VA,1986,VA,84350
1987-VA,1987,VA,87613
1988-VA,1988,VA,90291
1969-VT,1969,VT,7778
1970-VT,1970,VT,8182
1971-VT,1971,VT,7770
1972-VT,1972,VT,7137
1973-VT,1973,VT,6519
1974-VT,1974,VT,6550
1975-VT,1975,VT,6438
1976-VT,1976,VT,6444
1977-VT,1977,VT,6746
1978-VT,1978,VT,6910
1979-VT,1979,VT,7292
1980-VT,1980,VT,7690
1981-VT,1981,VT,7636
1982-VT,1982,VT,7766
1983-VT,1983,VT,7741
1984-VT,1984,VT,7805
1985-VT,1985,VT,7825
1986-VT,1986,VT,7898
1987-VT,1987,VT,7888
1988-VT,1988,VT,7871
1969-WA,1969,WA,59238
1970-WA,1970,WA,60284
1971-WA,1971,WA,54956
1972-WA,1972,WA,47928
1973-WA,1973,WA,47186
1974-WA,1974,WA,49670
1975-WA,1975,WA,50424
1976-WA,1976,WA,52804
1977-WA,1977,WA,57086
1978-WA,1978,WA,58421
1979-WA,1979,WA,63819
1980-WA,1980,WA,67492
1981-WA,1981,WA,69141
1982-WA,1982,WA,68988
1983-WA,1983,WA,68073
1984-WA,1984,WA,68080
1985-WA,1985,WA,69297
1986-WA,1986,WA,68500
1987-WA,1987,WA,69346
1988-WA,1988,WA,71396
1969-WI,1969,WI,74044
1970-WI,1970,WI,76764
1971-WI,1971,WI,71392
1972-WI,1972,WI,64214
1973-WI,1973,WI,62542
1974-WI,1974,WI,65112
1975-WI,1975,WI,65000
1976-WI,1976,WI,64696
1977-WI,1977,WI,68379
1978-WI,1978,WI,68387
1979-WI,1979,WI,72839
1980-WI,1980,WI,74365
1981-WI,1981,WI,73821
1982-WI,1982,WI,73932
1983-WI,1983,WI,72132
1984-WI,1984,WI,72763
1985-WI,1985,WI,73302
1986-WI,1986,WI,71839
1987-WI,1987,WI,70457
1988-WI,1988,WI,70385
1969-WV,1969,WV,29198
1970-WV,1970,WV,30656
1971-WV,1971,WV,31372
1972-WV,1972,WV,29696
1973-WV,1973,WV,27868
1974-WV,1974,WV,27722
1975-WV,1975,WV,27888
1976-WV,1976,WV,28583
1977-WV,1977,WV,30467
1978-WV,1978,WV,29732
1979-WV,1979,WV,30198
1980-WV,1980,WV,29952
1981-WV,1981,WV,28371
1982-WV,1982,WV,27937
1983-WV,1983,WV,26872
1984-WV,1984,WV,25504
1985-WV,1985,WV,25259
1986-WV,1986,WV,24256
1987-WV,1987,WV,23421
1988-WV,1988,WV,22801
1969-WY,1969,WY,5874
1970-WY,1970,WY,6368
1971-WY,1971,WY,5964
1972-WY,1972,WY,5868
1973-WY,1973,WY,5940
1974-WY,1974,WY,6296
1975-WY,1975,WY,6588
1976-WY,1976,WY,6890
1977-WY,1977,WY,7726
1978-WY,1978,WY,8166
1979-WY,1979,WY,9055
1980-WY,1980,WY,9813
1981-WY,1981,WY,10104
1982-WY,1982,WY,10174
1983-WY,1983,WY,9501
1984-WY,1984,WY,9094
1985-WY,1985,WY,8780
1986-WY,1986,WY,8005
1987-WY,1987,WY,7045
1988-WY,1988,WY,6768
